,Washington,Florida,Kentucky,Kansas,North Dakota,New York,Massachusetts,Arizona,Nevada,Pennsylvania,Mississippi,Northern Mariana Islands,Georgia,Texas,Michigan,Arkansas,South Carolina,Maine,New Hampshire,West Virginia,Wisconsin,Vermont,Virginia,Rhode Island,Oklahoma,Montana,New Mexico,Hawaii,Oregon,Colorado,Utah,Connecticut,Louisiana,New Jersey,Wyoming,Ohio,Guam,Nebraska,Minnesota,Illinois,North Carolina,Virgin Islands,Indiana,Maryland,Alaska,Delaware,Idaho,Missouri,District of Columbia,South Dakota,Tennessee,Iowa,Alabama,Puerto Rico,California,date
0,0,0,0,0,0,0,0,0,0,0,0,0,0,0,0,0,0,0,0,0,0,0,0,0,0,0,0,0,0,0,0,0,0,0,0,0,0,0,0,0,0,0,0,0,0,0,0,0,0,0,0,0,0,0,0,2020-01-21
1,0,0,0,0,0,0,0,0,0,0,0,0,0,0,0,0,0,0,0,0,0,0,0,0,0,0,0,0,0,0,0,0,0,0,0,0,0,0,0,0,0,0,0,0,0,0,0,0,0,0,0,0,0,0,0,2020-01-22
2,0,0,0,0,0,0,0,0,0,0,0,0,0,0,0,0,0,0,0,0,0,0,0,0,0,0,0,0,0,0,0,0,0,0,0,0,0,0,0,0,0,0,0,0,0,0,0,0,0,0,0,0,0,0,0,2020-01-23
3,0,0,0,0,0,0,0,0,0,0,0,0,0,0,0,0,0,0,0,0,0,0,0,0,0,0,0,0,0,0,0,0,0,0,0,0,0,0,0,0,0,0,0,0,0,0,0,0,0,0,0,0,0,0,0,2020-01-24
4,0,0,0,0,0,0,0,0,0,0,0,0,0,0,0,0,0,0,0,0,0,0,0,0,0,0,0,0,0,0,0,0,0,0,0,0,0,0,0,0,0,0,0,0,0,0,0,0,0,0,0,0,0,0,0,2020-01-25
5,0,0,0,0,0,0,0,0,0,0,0,0,0,0,0,0,0,0,0,0,0,0,0,0,0,0,0,0,0,0,0,0,0,0,0,0,0,0,0,0,0,0,0,0,0,0,0,0,0,0,0,0,0,0,0,2020-01-26
6,0,0,0,0,0,0,0,0,0,0,0,0,0,0,0,0,0,0,0,0,0,0,0,0,0,0,0,0,0,0,0,0,0,0,0,0,0,0,0,0,0,0,0,0,0,0,0,0,0,0,0,0,0,0,0,2020-01-27
7,0,0,0,0,0,0,0,0,0,0,0,0,0,0,0,0,0,0,0,0,0,0,0,0,0,0,0,0,0,0,0,0,0,0,0,0,0,0,0,0,0,0,0,0,0,0,0,0,0,0,0,0,0,0,0,2020-01-28
8,0,0,0,0,0,0,0,0,0,0,0,0,0,0,0,0,0,0,0,0,0,0,0,0,0,0,0,0,0,0,0,0,0,0,0,0,0,0,0,0,0,0,0,0,0,0,0,0,0,0,0,0,0,0,0,2020-01-29
9,0,0,0,0,0,0,0,0,0,0,0,0,0,0,0,0,0,0,0,0,0,0,0,0,0,0,0,0,0,0,0,0,0,0,0,0,0,0,0,0,0,0,0,0,0,0,0,0,0,0,0,0,0,0,0,2020-01-30
10,0,0,0,0,0,0,0,0,0,0,0,0,0,0,0,0,0,0,0,0,0,0,0,0,0,0,0,0,0,0,0,0,0,0,0,0,0,0,0,0,0,0,0,0,0,0,0,0,0,0,0,0,0,0,0,2020-01-31
11,0,0,0,0,0,0,0,0,0,0,0,0,0,0,0,0,0,0,0,0,0,0,0,0,0,0,0,0,0,0,0,0,0,0,0,0,0,0,0,0,0,0,0,0,0,0,0,0,0,0,0,0,0,0,0,2020-02-01
12,0,0,0,0,0,0,0,0,0,0,0,0,0,0,0,0,0,0,0,0,0,0,0,0,0,0,0,0,0,0,0,0,0,0,0,0,0,0,0,0,0,0,0,0,0,0,0,0,0,0,0,0,0,0,0,2020-02-02
13,0,0,0,0,0,0,0,0,0,0,0,0,0,0,0,0,0,0,0,0,0,0,0,0,0,0,0,0,0,0,0,0,0,0,0,0,0,0,0,0,0,0,0,0,0,0,0,0,0,0,0,0,0,0,0,2020-02-03
14,0,0,0,0,0,0,0,0,0,0,0,0,0,0,0,0,0,0,0,0,0,0,0,0,0,0,0,0,0,0,0,0,0,0,0,0,0,0,0,0,0,0,0,0,0,0,0,0,0,0,0,0,0,0,0,2020-02-04
15,0,0,0,0,0,0,0,0,0,0,0,0,0,0,0,0,0,0,0,0,0,0,0,0,0,0,0,0,0,0,0,0,0,0,0,0,0,0,0,0,0,0,0,0,0,0,0,0,0,0,0,0,0,0,0,2020-02-05
16,0,0,0,0,0,0,0,0,0,0,0,0,0,0,0,0,0,0,0,0,0,0,0,0,0,0,0,0,0,0,0,0,0,0,0,0,0,0,0,0,0,0,0,0,0,0,0,0,0,0,0,0,0,0,0,2020-02-06
17,0,0,0,0,0,0,0,0,0,0,0,0,0,0,0,0,0,0,0,0,0,0,0,0,0,0,0,0,0,0,0,0,0,0,0,0,0,0,0,0,0,0,0,0,0,0,0,0,0,0,0,0,0,0,0,2020-02-07
18,0,0,0,0,0,0,0,0,0,0,0,0,0,0,0,0,0,0,0,0,0,0,0,0,0,0,0,0,0,0,0,0,0,0,0,0,0,0,0,0,0,0,0,0,0,0,0,0,0,0,0,0,0,0,0,2020-02-08
19,0,0,0,0,0,0,0,0,0,0,0,0,0,0,0,0,0,0,0,0,0,0,0,0,0,0,0,0,0,0,0,0,0,0,0,0,0,0,0,0,0,0,0,0,0,0,0,0,0,0,0,0,0,0,0,2020-02-09
20,0,0,0,0,0,0,0,0,0,0,0,0,0,0,0,0,0,0,0,0,0,0,0,0,0,0,0,0,0,0,0,0,0,0,0,0,0,0,0,0,0,0,0,0,0,0,0,0,0,0,0,0,0,0,0,2020-02-10
21,0,0,0,0,0,0,0,0,0,0,0,0,0,0,0,0,0,0,0,0,0,0,0,0,0,0,0,0,0,0,0,0,0,0,0,0,0,0,0,0,0,0,0,0,0,0,0,0,0,0,0,0,0,0,0,2020-02-11
22,0,0,0,0,0,0,0,0,0,0,0,0,0,0,0,0,0,0,0,0,0,0,0,0,0,0,0,0,0,0,0,0,0,0,0,0,0,0,0,0,0,0,0,0,0,0,0,0,0,0,0,0,0,0,0,2020-02-12
23,0,0,0,0,0,0,0,0,0,0,0,0,0,0,0,0,0,0,0,0,0,0,0,0,0,0,0,0,0,0,0,0,0,0,0,0,0,0,0,0,0,0,0,0,0,0,0,0,0,0,0,0,0,0,0,2020-02-13
24,0,0,0,0,0,0,0,0,0,0,0,0,0,0,0,0,0,0,0,0,0,0,0,0,0,0,0,0,0,0,0,0,0,0,0,0,0,0,0,0,0,0,0,0,0,0,0,0,0,0,0,0,0,0,0,2020-02-14
25,0,0,0,0,0,0,0,0,0,0,0,0,0,0,0,0,0,0,0,0,0,0,0,0,0,0,0,0,0,0,0,0,0,0,0,0,0,0,0,0,0,0,0,0,0,0,0,0,0,0,0,0,0,0,0,2020-02-15
26,0,0,0,0,0,0,0,0,0,0,0,0,0,0,0,0,0,0,0,0,0,0,0,0,0,0,0,0,0,0,0,0,0,0,0,0,0,0,0,0,0,0,0,0,0,0,0,0,0,0,0,0,0,0,0,2020-02-16
27,0,0,0,0,0,0,0,0,0,0,0,0,0,0,0,0,0,0,0,0,0,0,0,0,0,0,0,0,0,0,0,0,0,0,0,0,0,0,0,0,0,0,0,0,0,0,0,0,0,0,0,0,0,0,0,2020-02-17
28,0,0,0,0,0,0,0,0,0,0,0,0,0,0,0,0,0,0,0,0,0,0,0,0,0,0,0,0,0,0,0,0,0,0,0,0,0,0,0,0,0,0,0,0,0,0,0,0,0,0,0,0,0,0,0,2020-02-18
29,0,0,0,0,0,0,0,0,0,0,0,0,0,0,0,0,0,0,0,0,0,0,0,0,0,0,0,0,0,0,0,0,0,0,0,0,0,0,0,0,0,0,0,0,0,0,0,0,0,0,0,0,0,0,0,2020-02-19
30,0,0,0,0,0,0,0,0,0,0,0,0,0,0,0,0,0,0,0,0,0,0,0,0,0,0,0,0,0,0,0,0,0,0,0,0,0,0,0,0,0,0,0,0,0,0,0,0,0,0,0,0,0,0,0,2020-02-20
31,0,0,0,0,0,0,0,0,0,0,0,0,0,0,0,0,0,0,0,0,0,0,0,0,0,0,0,0,0,0,0,0,0,0,0,0,0,0,0,0,0,0,0,0,0,0,0,0,0,0,0,0,0,0,0,2020-02-21
32,0,0,0,0,0,0,0,0,0,0,0,0,0,0,0,0,0,0,0,0,0,0,0,0,0,0,0,0,0,0,0,0,0,0,0,0,0,0,0,0,0,0,0,0,0,0,0,0,0,0,0,0,0,0,0,2020-02-22
33,0,0,0,0,0,0,0,0,0,0,0,0,0,0,0,0,0,0,0,0,0,0,0,0,0,0,0,0,0,0,0,0,0,0,0,0,0,0,0,0,0,0,0,0,0,0,0,0,0,0,0,0,0,0,0,2020-02-23
34,0,0,0,0,0,0,0,0,0,0,0,0,0,0,0,0,0,0,0,0,0,0,0,0,0,0,0,0,0,0,0,0,0,0,0,0,0,0,0,0,0,0,0,0,0,0,0,0,0,0,0,0,0,0,0,2020-02-24
35,0,0,0,0,0,0,0,0,0,0,0,0,0,0,0,0,0,0,0,0,0,0,0,0,0,0,0,0,0,0,0,0,0,0,0,0,0,0,0,0,0,0,0,0,0,0,0,0,0,0,0,0,0,0,0,2020-02-25
36,0,0,0,0,0,0,0,0,0,0,0,0,0,0,0,0,0,0,0,0,0,0,0,0,0,0,0,0,0,0,0,0,0,0,0,0,0,0,0,0,0,0,0,0,0,0,0,0,0,0,0,0,0,0,0,2020-02-26
37,0,0,0,0,0,0,0,0,0,0,0,0,0,0,0,0,0,0,0,0,0,0,0,0,0,0,0,0,0,0,0,0,0,0,0,0,0,0,0,0,0,0,0,0,0,0,0,0,0,0,0,0,0,0,0,2020-02-27
38,0,0,0,0,0,0,0,0,0,0,0,0,0,0,0,0,0,0,0,0,0,0,0,0,0,0,0,0,0,0,0,0,0,0,0,0,0,0,0,0,0,0,0,0,0,0,0,0,0,0,0,0,0,0,0,2020-02-28
39,1,0,0,0,0,0,0,0,0,0,0,0,0,0,0,0,0,0,0,0,0,0,0,0,0,0,0,0,0,0,0,0,0,0,0,0,0,0,0,0,0,0,0,0,0,0,0,0,0,0,0,0,0,0,0,2020-02-29
40,3,0,0,0,0,0,0,0,0,0,0,0,0,0,0,0,0,0,0,0,0,0,0,0,0,0,0,0,0,0,0,0,0,0,0,0,0,0,0,0,0,0,0,0,0,0,0,0,0,0,0,0,0,0,0,2020-03-01
41,6,0,0,0,0,0,0,0,0,0,0,0,0,0,0,0,0,0,0,0,0,0,0,0,0,0,0,0,0,0,0,0,0,0,0,0,0,0,0,0,0,0,0,0,0,0,0,0,0,0,0,0,0,0,0,2020-03-02
42,10,0,0,0,0,0,0,0,0,0,0,0,0,0,0,0,0,0,0,0,0,0,0,0,0,0,0,0,0,0,0,0,0,0,0,0,0,0,0,0,0,0,0,0,0,0,0,0,0,0,0,0,0,0,0,2020-03-03
43,11,0,0,0,0,0,0,0,0,0,0,0,0,0,0,0,0,0,0,0,0,0,0,0,0,0,0,0,0,0,0,0,0,0,0,0,0,0,0,0,0,0,0,0,0,0,0,0,0,0,0,0,0,0,1,2020-03-04
44,11,0,0,0,0,0,0,0,0,0,0,0,0,0,0,0,0,0,0,0,0,0,0,0,0,0,0,0,0,0,0,0,0,0,0,0,0,0,0,0,0,0,0,0,0,0,0,0,0,0,0,0,0,0,1,2020-03-05
45,12,2,0,0,0,0,0,0,0,0,0,0,0,0,0,0,0,0,0,0,0,0,0,0,0,0,0,0,0,0,0,0,0,0,0,0,0,0,0,0,0,0,0,0,0,0,0,0,0,0,0,0,0,0,1,2020-03-06
46,16,2,0,0,0,0,0,0,0,0,0,0,0,0,0,0,0,0,0,0,0,0,0,0,0,0,0,0,0,0,0,0,0,0,0,0,0,0,0,0,0,0,0,0,0,0,0,0,0,0,0,0,0,0,1,2020-03-07
47,19,2,0,0,0,0,0,0,0,0,0,0,0,0,0,0,0,0,0,0,0,0,0,0,0,0,0,0,0,0,0,0,0,0,0,0,0,0,0,0,0,0,0,0,0,0,0,0,0,0,0,0,0,0,1,2020-03-08
48,22,2,0,0,0,0,0,0,0,0,0,0,0,0,0,0,0,0,0,0,0,0,0,0,0,0,0,0,0,0,0,0,0,0,0,0,0,0,0,0,0,0,0,0,0,0,0,0,0,0,0,0,0,0,2,2020-03-09
49,24,2,0,0,0,0,0,0,0,0,0,0,0,0,0,0,0,0,0,0,0,0,0,0,0,0,0,0,0,0,0,0,0,1,0,0,0,0,0,0,0,0,0,0,0,0,0,0,0,1,0,0,0,0,3,2020-03-10
50,29,2,0,0,0,0,0,0,0,0,0,0,0,0,0,0,0,0,0,0,0,0,0,0,0,0,0,0,0,0,0,0,0,1,0,0,0,0,0,0,0,0,0,0,0,0,0,0,0,1,0,0,0,0,4,2020-03-11
51,32,2,0,1,0,0,0,0,0,0,0,0,1,0,0,0,0,0,0,0,0,0,0,0,0,0,0,0,0,1,0,0,0,1,0,0,0,0,0,0,0,0,0,0,0,0,0,0,0,1,0,0,0,0,4,2020-03-12
52,37,2,0,1,0,0,0,0,0,0,0,0,1,0,0,0,0,0,0,0,0,0,0,0,0,0,0,0,0,2,0,0,0,1,0,0,0,0,0,0,0,0,0,0,0,0,0,0,0,1,0,0,0,0,5,2020-03-13
53,40,3,0,1,0,2,0,0,0,0,0,0,1,0,0,0,0,0,0,0,0,0,1,0,0,0,0,0,1,2,0,0,1,2,0,0,0,0,0,0,0,0,0,0,0,0,0,0,0,1,0,0,0,0,5,2020-03-14
54,42,3,0,1,0,6,0,0,0,0,0,0,1,0,0,0,0,0,0,0,0,0,1,0,0,0,0,0,1,2,0,0,2,2,0,0,0,0,0,0,0,0,0,0,0,0,0,0,0,1,0,0,0,0,6,2020-03-15
55,48,4,1,1,0,10,0,0,1,0,0,0,1,1,0,0,1,0,0,0,0,0,1,0,0,0,0,0,1,2,0,0,3,3,0,0,0,0,0,0,0,0,1,0,0,0,0,0,0,1,0,0,0,0,11,2020-03-16
56,54,6,1,1,0,18,0,0,1,0,0,0,1,1,0,0,1,0,0,0,0,0,2,0,0,0,0,0,2,3,0,0,5,3,0,0,0,0,0,1,0,0,2,0,0,0,0,0,0,1,0,0,0,0,14,2020-03-17
57,68,7,1,1,0,32,0,0,1,1,0,0,3,2,1,0,1,0,0,0,0,0,2,0,0,0,0,0,3,3,0,1,7,5,0,0,0,0,0,1,0,0,2,1,0,0,0,1,0,1,0,0,0,0,17,2020-03-18
58,75,8,2,1,0,39,0,0,1,1,1,0,10,4,3,0,1,0,0,0,2,2,2,0,1,0,0,0,3,5,0,4,10,9,0,0,0,0,0,4,0,0,2,1,0,0,0,1,0,1,0,0,0,0,19,2020-03-19
59,83,9,2,1,0,68,1,1,2,1,1,0,14,5,4,0,3,0,0,0,3,2,2,0,1,0,0,0,3,5,0,4,10,11,0,1,0,0,0,5,0,0,5,2,0,0,0,3,0,1,0,0,0,0,24,2020-03-20
60,95,11,3,2,0,95,2,1,2,2,1,0,20,5,6,0,3,0,0,0,4,2,3,0,1,0,0,0,4,6,0,5,16,16,0,3,0,0,1,6,0,0,6,3,0,0,0,3,1,1,2,0,0,1,28,2020-03-21
61,97,13,3,2,0,142,5,2,2,3,1,0,25,7,9,0,3,0,0,0,4,2,6,0,2,0,0,0,5,7,1,8,20,20,0,3,1,0,1,9,0,0,9,3,0,0,0,3,1,1,2,0,0,1,35,2020-03-22
62,110,18,3,2,0,183,9,2,4,6,1,0,25,7,16,0,5,0,1,0,5,2,6,0,2,0,0,0,5,10,1,10,34,27,0,6,1,0,1,12,0,0,12,3,0,0,0,4,2,1,2,0,0,2,39,2020-03-23
63,123,20,3,3,0,264,11,6,6,8,1,0,38,11,24,2,8,0,1,0,5,7,7,0,3,0,0,0,8,11,1,12,46,44,0,8,1,0,1,16,0,0,17,4,0,0,0,5,2,1,2,1,0,2,52,2020-03-24
64,130,23,5,3,0,381,15,6,10,12,5,0,47,13,43,2,8,0,1,0,7,8,9,0,5,0,1,0,10,19,1,19,65,62,0,11,1,0,1,21,1,0,19,4,0,0,0,8,2,1,3,1,1,2,68,2020-03-25
65,152,29,5,3,0,502,25,8,10,16,6,0,56,21,63,3,9,0,1,0,10,9,14,0,7,0,1,0,11,24,1,21,83,82,0,15,1,0,2,26,2,0,23,4,0,1,3,8,3,1,3,1,3,2,83,2020-03-26
66,179,46,8,4,1,645,35,15,10,23,8,0,64,25,93,3,13,1,2,0,16,10,9,0,8,1,1,0,12,31,2,27,119,108,0,22,1,2,4,37,3,0,32,5,1,2,4,9,3,1,6,3,4,3,104,2020-03-27
67,193,56,9,6,1,935,44,15,14,35,13,0,79,30,112,5,15,1,2,0,17,12,9,2,15,1,2,0,13,44,2,33,137,140,0,25,1,2,5,50,4,0,38,10,1,5,5,11,4,1,6,3,4,3,122,2020-03-28
68,209,60,9,7,1,1180,48,18,15,40,14,0,83,35,132,6,16,3,3,1,17,12,11,3,16,1,2,0,13,47,2,34,153,161,0,30,1,2,9,71,6,0,40,11,2,6,6,12,5,1,7,4,5,5,132,2020-03-29
69,221,72,11,9,3,1512,56,20,18,48,16,0,103,46,197,7,18,3,3,1,20,12,12,4,17,4,4,0,16,51,4,36,186,199,0,40,1,3,10,84,6,0,44,15,2,7,7,13,9,1,13,6,11,6,147,2020-03-30
70,226,85,18,10,3,1929,89,24,26,72,20,0,126,57,264,8,22,5,3,1,25,13,12,8,23,5,5,1,18,69,5,69,240,267,0,55,2,4,12,107,10,0,61,18,2,10,9,15,9,1,13,7,14,8,184,2020-03-31
71,250,100,20,11,3,2415,122,29,32,78,22,1,154,65,336,10,26,7,4,2,33,16,18,10,30,5,6,1,19,80,7,85,275,355,0,65,3,5,17,146,11,0,80,33,2,11,9,21,11,1,23,9,28,11,212,2020-04-01
72,272,144,34,14,3,2963,154,35,38,91,26,1,176,80,417,12,31,7,5,2,37,17,18,12,34,5,7,2,21,96,7,112,310,539,0,81,3,6,18,165,17,0,94,36,2,12,9,28,12,2,32,11,32,12,247,2020-04-02
73,293,169,34,19,3,3716,192,41,43,102,29,1,198,98,478,12,34,9,7,2,50,17,46,14,38,5,10,3,22,110,7,132,370,647,0,91,4,6,22,212,23,0,118,42,2,14,10,36,15,2,38,11,38,15,282,2020-04-03
74,318,194,40,21,3,4535,216,53,46,140,35,1,208,124,541,14,40,10,9,2,60,20,52,17,42,6,11,3,26,126,8,165,412,847,0,102,4,8,24,248,30,0,136,54,3,14,10,44,21,2,47,11,44,18,323,2020-04-04
75,344,220,44,23,3,5335,231,64,46,159,43,1,219,136,617,16,44,10,9,3,73,22,52,25,46,6,12,4,27,140,8,189,477,917,0,119,4,8,29,283,37,0,151,68,4,14,10,52,22,2,50,22,45,20,351,2020-04-05
76,383,253,52,25,3,6149,260,67,58,170,51,1,294,159,727,16,48,10,9,4,83,23,54,27,51,6,12,5,29,150,13,206,512,1005,0,142,4,10,30,309,42,1,171,92,4,15,13,56,24,4,65,25,53,21,386,2020-04-06
77,409,295,66,30,4,7185,356,77,60,241,59,2,348,177,845,18,51,12,13,4,94,23,69,30,67,6,13,5,33,179,13,277,582,1232,0,167,4,12,34,384,50,1,208,104,4,16,15,80,24,6,72,26,64,23,447,2020-04-07
78,430,322,73,38,4,8138,433,80,80,313,67,2,370,195,959,18,63,14,18,4,107,23,60,35,79,6,16,5,38,192,13,335,652,1504,0,193,4,14,39,464,61,1,246,124,5,19,19,86,27,6,83,27,67,24,506,2020-04-08
79,456,370,84,42,5,9166,503,89,82,344,76,2,412,228,1076,21,67,16,21,5,116,23,109,43,80,6,17,6,44,227,13,380,702,1700,0,213,4,15,50,534,74,1,295,139,5,23,24,94,32,6,95,27,78,33,548,2020-04-09
80,483,418,90,50,7,10162,599,97,86,435,82,2,425,249,1280,24,72,17,22,5,131,24,121,49,88,6,19,8,48,253,17,448,755,1932,0,231,4,18,57,607,78,1,353,172,5,32,25,105,38,6,104,31,80,39,594,2020-04-10
81,498,445,94,55,7,11159,686,112,111,515,93,2,432,265,1395,25,80,19,23,6,141,24,130,56,93,6,20,8,51,274,18,494,806,2183,0,247,5,18,64,682,86,1,389,207,6,33,27,116,47,6,107,34,93,42,632,2020-04-11
82,511,460,98,56,8,12116,756,117,113,525,96,2,438,288,1488,27,82,19,23,8,145,26,141,63,96,6,26,9,52,290,18,554,840,2350,0,253,5,18,70,727,86,1,405,236,6,35,27,116,50,6,107,41,93,44,676,2020-04-12
83,525,498,106,63,9,12998,844,122,114,563,98,2,479,320,1603,30,87,19,23,9,155,27,149,73,98,7,31,9,53,308,18,602,884,2443,1,274,6,19,70,800,91,1,414,262,6,41,33,136,52,6,114,44,104,45,725,2020-04-13
84,552,570,115,69,9,14001,957,131,130,746,111,2,517,365,1767,32,97,20,27,10,172,28,154,80,109,7,36,9,55,329,19,671,1013,2805,1,324,6,21,79,878,116,1,458,302,7,43,39,151,67,6,123,44,114,45,778,2020-04-14
85,572,613,124,76,9,14937,1108,142,137,833,122,2,569,395,1920,34,107,24,32,12,184,29,195,87,123,7,36,9,58,355,20,868,1103,3156,2,361,6,22,87,958,128,1,511,413,7,46,41,164,72,6,135,53,123,51,885,2020-04-15
86,588,667,131,80,9,15669,1245,152,142,940,129,2,611,428,2092,37,109,27,34,13,197,34,208,105,131,7,44,9,64,374,21,971,1156,3518,2,389,6,24,94,1081,140,1,554,459,7,52,41,170,81,7,142,60,137,56,971,2020-04-16
87,610,725,140,84,9,16473,1404,174,151,1027,140,2,661,461,2227,37,116,29,37,16,205,34,238,118,136,8,51,9,70,389,23,1036,1213,3840,2,418,6,24,111,1142,159,2,599,494,7,61,43,184,86,7,146,64,151,58,1050,2020-04-17
88,629,747,145,86,9,17141,1560,181,155,1150,152,2,670,487,2307,38,119,32,38,18,212,36,258,137,139,10,53,9,72,409,25,1086,1267,4070,2,451,6,28,121,1272,175,3,633,534,7,67,44,194,91,7,148,74,147,60,1146,2020-04-18
89,637,773,149,94,10,17793,1706,188,158,1285,159,2,682,503,2389,39,120,34,41,20,222,36,277,150,140,10,55,10,74,421,27,1127,1296,4202,2,471,6,28,134,1302,183,3,652,548,7,67,45,196,96,7,151,75,160,41,1176,2020-04-19
90,661,822,155,101,13,18412,1809,191,163,1366,169,2,767,523,2466,42,124,35,42,26,231,37,300,155,143,12,58,10,75,448,28,1331,1328,4377,2,509,6,33,143,1359,187,3,666,582,7,72,48,201,105,7,156,79,164,42,1223,2020-04-20
91,683,866,172,107,13,19040,1961,213,163,1620,183,2,810,552,2698,43,135,36,42,26,243,39,325,171,164,12,65,12,78,484,32,1423,1405,4753,6,557,6,38,160,1479,217,3,731,652,7,82,51,221,112,8,159,83,186,43,1316,2020-04-21
92,696,926,185,111,14,19647,2182,236,187,1720,193,2,837,571,2813,44,140,39,48,29,247,39,349,181,169,14,71,12,78,526,34,1544,1532,5063,6,610,6,42,179,1577,242,3,764,698,7,89,54,236,127,9,169,90,201,46,1425,2020-04-22
93,717,986,194,112,15,20212,2360,257,195,1723,201,2,871,601,2977,45,150,44,51,31,257,42,375,189,179,14,78,12,83,557,35,1639,1599,5368,7,656,6,46,200,1696,253,3,811,748,7,92,54,248,139,9,172,96,197,69,1548,2020-04-23
94,731,1045,203,117,15,20759,2556,268,203,1786,209,2,889,625,3084,47,157,47,53,32,262,43,413,202,188,14,84,13,86,672,39,1764,1660,5617,7,690,6,50,221,1804,270,3,851,798,7,100,54,267,153,10,172,107,209,77,1619,2020-04-24
95,743,1054,208,119,16,21326,2730,275,206,1842,221,2,897,662,3273,48,166,50,60,33,266,45,436,215,194,14,93,14,87,670,41,1862,1703,5863,7,711,6,52,244,1884,304,3,897,875,7,112,56,280,165,10,179,112,213,83,1692,2020-04-25
96,757,1073,211,120,17,21804,2899,277,206,1871,227,2,907,676,3314,50,174,50,60,34,274,45,448,226,195,14,99,14,91,678,41,1925,1729,5938,7,728,6,54,272,1943,309,4,928,910,7,120,56,282,178,11,182,118,219,84,1716,2020-04-26
97,771,1087,216,126,19,22267,3003,277,219,1946,229,2,981,699,3406,51,177,51,60,37,281,46,458,233,197,14,104,16,92,705,41,2012,1740,6044,7,753,6,54,286,1992,331,4,932,945,7,125,58,296,185,11,184,127,228,84,1800,2020-04-27
98,792,1170,231,127,19,22777,3153,297,225,2092,239,2,1022,738,3566,57,192,51,60,38,300,46,492,239,207,15,110,16,99,734,45,2089,1801,6442,7,799,6,56,301,2132,353,4,992,1016,7,137,60,324,190,11,190,136,242,86,1884,2020-04-28
99,805,1216,235,132,19,23287,3405,308,237,2392,250,2,1086,776,3670,59,232,52,66,40,308,46,522,251,214,16,112,16,101,764,45,2168,1845,6770,7,937,6,67,319,2221,366,4,1065,1078,7,144,60,331,205,13,196,148,262,86,1961,2020-04-29
100,822,1267,240,133,19,23616,3562,320,243,2580,261,2,1121,828,3788,61,244,53,72,44,316,48,552,266,222,16,123,16,103,775,46,2257,1905,7228,7,975,6,70,343,2361,385,4,1114,1139,7,152,63,341,224,17,200,162,272,92,2057,2020-04-30
101,829,1313,248,136,23,23841,3716,330,254,2671,281,2,1153,853,3866,64,256,55,81,47,327,49,581,279,230,16,131,16,104,818,46,2339,1970,7538,7,1002,6,72,371,2464,405,4,1175,1192,7,159,63,355,231,21,205,170,289,94,2147,2020-05-01
102,833,1363,252,140,24,24035,3846,353,257,2794,291,2,1161,875,4020,72,267,56,84,50,334,50,616,296,238,16,139,16,109,830,49,2436,1993,7742,7,1021,6,75,395,2576,428,4,1229,1251,7,168,64,373,240,21,210,175,288,95,2213,2020-05-02
103,840,1378,256,142,25,24576,4004,362,262,2843,303,2,1168,890,4049,76,275,57,86,50,339,52,660,320,238,16,151,17,109,840,50,2436,2012,7871,7,1038,6,77,419,2632,436,4,1246,1281,7,177,64,378,251,21,211,184,290,97,2235,2020-05-03
104,846,1398,267,154,25,24788,4090,362,266,2880,310,2,1228,914,4135,80,283,57,86,50,340,52,684,341,238,16,156,17,109,849,50,2556,2064,7910,7,1056,6,78,428,2673,454,4,1264,1317,7,182,64,387,258,21,216,188,298,97,2297,2020-05-04
105,863,1470,278,160,25,25028,4212,395,276,3206,342,2,1277,955,4179,83,296,61,92,50,353,52,713,355,247,16,162,17,113,901,56,2633,2115,8244,7,1135,6,81,455,2843,477,4,1326,1390,7,187,66,408,264,24,225,207,315,99,2386,2020-05-05
106,881,1538,286,163,31,25956,4420,426,286,3360,374,2,1309,985,4250,87,305,62,111,51,362,52,713,370,253,16,169,17,115,919,59,2718,2167,8549,7,1225,6,85,485,2977,497,4,1377,1443,8,193,67,429,277,29,237,219,343,99,2478,2020-05-06
107,903,1599,302,164,31,26206,4552,450,293,3599,396,2,1332,1016,4343,88,316,62,114,51,374,53,769,388,260,16,172,17,121,942,61,2797,2208,8801,7,1271,6,91,508,3139,521,4,1414,1503,8,202,67,449,285,31,238,231,369,102,2561,2020-05-07
108,915,1668,304,167,33,26358,4702,517,301,3724,409,2,1378,1059,4393,88,320,63,121,52,384,53,812,399,266,16,181,17,124,958,61,2874,2227,8952,7,1306,6,92,534,3262,537,4,1447,1560,8,213,67,481,304,31,240,243,383,107,2650,2020-05-08
109,925,1714,312,172,35,26584,4840,532,306,3793,421,2,1380,1086,4526,88,330,64,131,53,398,53,827,418,270,16,191,17,127,965,66,2932,2267,9116,7,1331,6,95,558,3362,554,4,1490,1614,8,221,67,492,311,34,241,252,390,0,2732,2020-05-09
110,939,1720,312,172,35,26798,4979,536,306,3819,430,2,1383,1110,4551,91,331,64,133,54,400,53,839,422,272,16,200,17,127,969,67,2967,2286,9255,7,1341,6,97,578,3426,561,4,1508,1644,8,224,67,502,323,34,242,265,393,0,2769,2020-05-10
111,957,1734,325,174,36,27003,5108,542,312,3846,435,2,1420,1137,4584,94,346,65,133,57,409,53,850,430,274,16,208,17,130,986,68,3008,2308,9310,7,1357,6,99,591,3480,571,5,1540,1683,8,225,69,512,328,34,248,271,403,0,2820,2020-05-11
112,972,1778,333,178,38,27282,5141,562,321,3924,457,2,1470,1169,4674,95,355,65,142,58,418,53,891,444,278,16,219,17,130,1009,73,3041,2347,9508,7,1436,6,102,614,3617,597,6,1578,1756,8,237,69,528,336,39,264,289,435,0,2902,2020-05-12
113,977,1826,334,179,40,27448,5315,594,331,4104,465,2,1494,1205,4714,97,362,66,150,59,421,53,927,462,278,16,231,17,134,1062,76,3125,2381,9702,7,1483,6,106,638,3815,615,6,1619,1809,8,247,69,548,350,39,271,306,450,0,3014,2020-05-13
114,991,1874,341,181,40,27617,5482,624,339,4298,480,2,1521,1256,4787,98,371,69,151,62,434,53,955,468,284,16,242,17,137,1091,76,3219,2417,9946,7,1534,6,117,672,3945,632,6,1646,1866,8,260,72,564,358,43,284,318,473,0,3039,2020-05-14
115,1008,1916,343,187,42,27755,5592,651,345,4432,493,2,1563,1300,4825,98,380,69,159,64,445,53,977,479,285,16,253,17,137,1150,77,3285,2448,10138,7,1581,6,122,692,4075,660,6,1691,1911,8,271,73,579,368,44,288,336,483,0,3192,2020-05-15
116,1015,1963,346,189,42,27953,5705,679,349,4490,510,2,1573,1330,4880,98,380,70,171,65,453,53,1002,489,288,16,259,17,137,1192,78,3339,2479,10249,7,1610,6,129,709,4149,671,6,1741,1957,8,286,73,593,375,44,292,346,485,0,3254,2020-05-16
117,1016,1972,346,189,43,28168,5797,680,350,4504,521,2,1584,1356,4891,98,385,70,172,67,453,54,1009,499,288,16,265,17,137,1215,80,3408,2491,10356,8,1625,6,129,731,4198,679,6,1751,1992,8,290,73,601,383,44,293,351,488,0,3290,2020-05-17
118,1020,1996,354,190,44,28302,5862,686,364,4554,528,2,1624,1362,4915,100,391,71,172,68,459,54,1014,506,288,16,270,17,138,1224,80,3449,2563,10435,10,1657,6,132,740,4257,684,6,1765,2023,8,297,74,609,392,44,296,355,489,0,3322,2020-05-18
119,1042,2051,369,193,45,28437,5938,704,373,4669,554,2,1650,1405,5017,102,399,73,182,68,467,54,1041,532,294,16,276,17,140,1257,88,3472,2581,10586,10,1720,6,136,757,4399,711,6,1824,2081,8,304,77,631,400,46,301,367,504,0,3422,2020-05-19
120,1045,2095,381,197,49,28540,6066,747,378,4794,570,2,1672,1443,5060,107,407,73,190,69,481,54,1074,538,299,16,283,17,144,1299,90,3529,2608,10747,11,1781,6,141,786,4547,721,6,1864,2123,8,310,77,643,407,46,309,400,522,0,3514,2020-05-20
121,1054,2143,393,199,51,28663,6148,763,381,4887,580,2,1749,1480,5129,110,416,73,199,71,487,54,1099,556,304,16,294,17,145,1310,92,3582,2629,10843,12,1836,6,148,818,4634,734,6,1913,2159,8,317,77,670,412,47,313,414,529,0,3624,2020-05-21
122,1061,2189,398,200,52,28802,6228,775,387,5032,596,2,1779,1498,5158,113,419,75,204,72,496,54,1136,579,307,16,302,17,147,1324,93,3637,2669,10985,12,1872,6,149,851,4740,754,6,1941,2207,8,322,79,680,418,50,315,441,541,0,3690,2020-05-22
123,1062,2232,399,200,52,28900,6304,799,392,5121,616,2,1794,1522,5223,115,425,77,208,72,507,54,1159,597,311,16,308,17,147,1327,97,3675,2683,11081,12,1956,6,150,861,4817,763,6,1964,2243,8,324,79,685,427,50,325,446,549,0,3768,2020-05-23
124,1069,2236,399,200,53,29046,6372,800,394,5145,625,2,1799,1533,5228,116,435,78,209,72,510,54,1171,608,311,16,317,17,148,1332,97,3693,2690,11133,12,1969,6,153,878,4884,771,6,1976,2277,8,326,79,689,432,50,332,456,551,0,3790,2020-05-24
125,1076,2251,403,201,54,29138,6416,806,396,5159,635,2,1820,1536,5240,117,440,78,210,73,514,54,1208,608,313,16,320,17,148,1333,98,3742,2690,11144,12,1987,6,155,890,4912,780,6,1984,2302,8,332,79,694,440,50,334,460,566,0,3808,2020-05-25
126,1091,2258,407,204,54,29241,6473,807,396,5175,652,2,1867,1552,5266,119,446,79,214,74,517,54,1236,634,318,17,325,17,148,1352,101,3769,2701,11191,13,2002,6,160,908,4960,789,6,2004,2333,8,335,81,698,440,50,339,480,580,0,3859,2020-05-26
127,1106,2318,420,207,59,29339,6547,831,402,5290,670,2,1904,1598,5334,120,466,81,223,74,539,54,1281,655,322,17,329,17,148,1393,105,3803,2722,11339,14,2044,6,168,942,5118,827,6,2030,2392,8,344,82,705,445,54,353,496,583,0,3961,2020-05-27
128,1116,2363,424,209,60,29438,6640,857,410,5397,693,2,1942,1618,5372,125,470,84,232,74,550,55,1338,677,326,17,335,17,151,1422,106,3826,2740,11401,15,2098,6,170,977,5225,859,6,2068,2428,8,345,82,715,453,54,352,510,591,0,4042,2020-05-28
129,1120,2412,434,209,62,29535,6718,885,415,5467,710,2,1953,1645,5406,132,483,85,238,74,569,55,1358,693,329,17,344,17,151,1437,107,3868,2766,11531,15,2131,6,177,1006,5308,888,6,2110,2466,8,356,82,740,460,59,356,525,610,0,4144,2020-05-29
130,1126,2446,441,209,63,29612,6768,903,417,5537,723,2,1973,1676,5463,133,487,89,242,75,588,55,1370,711,334,17,351,17,153,1443,112,3912,2785,11634,16,2149,6,177,1036,5368,903,6,2125,2509,8,361,82,782,462,62,360,531,618,0,4214,2020-05-30
131,1126,2450,441,211,64,29699,6846,906,419,5555,734,2,2019,1683,5491,133,494,89,245,75,594,55,1375,718,334,17,356,17,153,1445,113,3944,2791,11698,16,2155,6,178,1050,5426,911,6,2134,2532,8,366,82,784,466,62,360,537,630,0,4242,2020-05-31
132,1133,2459,445,217,64,29766,7035,918,420,5574,739,2,2057,1695,5525,133,500,89,245,76,597,55,1392,720,334,17,362,17,154,1458,113,3964,2801,11721,17,2206,6,183,1060,5458,923,6,2142,2552,8,368,83,786,468,62,361,558,646,0,4287,2020-06-01
133,1139,2529,451,227,68,29847,7085,943,420,5670,767,2,2070,1732,5562,136,501,94,256,78,610,55,1407,732,339,17,367,17,157,1474,113,3972,2835,11770,17,2258,6,187,1082,5567,950,6,2197,2597,8,373,83,797,470,62,378,564,653,0,4360,2020-06-02
134,1145,2565,458,227,69,29918,7152,983,429,5742,782,2,2092,1766,5579,142,518,95,265,78,618,55,1428,742,341,17,375,17,159,1494,117,3989,2870,11880,17,2299,6,189,1097,5665,971,6,2207,2641,8,375,83,801,473,62,386,574,653,0,4422,2020-06-03
135,1150,2606,469,230,69,30011,7201,1000,429,5862,794,2,2116,1793,5604,151,525,95,273,79,627,55,1445,756,344,17,383,17,159,1512,117,4007,2883,11970,17,2339,6,193,1126,5772,993,6,2231,2668,8,386,83,806,475,64,401,590,653,0,4484,2020-06-04
136,1160,2659,476,233,74,30066,7235,1016,436,5952,803,2,2143,1821,5854,152,538,98,278,84,634,55,1453,772,345,18,387,17,161,1524,120,4038,2912,12049,17,2355,6,193,1159,5834,1001,6,2258,2702,8,388,83,816,479,65,405,597,676,0,4550,2020-06-05
137,1163,2687,480,234,75,30123,7289,1046,437,5986,811,2,2147,1840,5894,154,545,98,283,84,646,55,1460,772,347,18,392,17,163,1527,121,4055,2925,12106,17,2370,6,196,1181,5898,1020,6,2292,2740,8,390,83,823,483,65,413,602,689,0,4626,2020-06-06
138,1163,2699,481,234,75,30183,7316,1048,438,5997,817,2,2148,1846,5898,154,546,99,286,84,648,55,1472,772,348,18,396,17,164,1527,121,4071,2936,12176,17,2377,6,196,1197,5939,1024,6,2303,2749,8,398,83,823,489,65,414,606,692,0,4653,2020-06-07
139,1168,2711,487,237,75,30239,7353,1052,442,6007,837,2,2176,1856,5916,155,557,99,286,84,650,55,1477,799,348,18,400,17,164,1543,124,4084,2944,12214,17,2404,6,196,1208,6142,1041,6,2316,2776,8,398,83,832,491,65,417,623,718,0,4679,2020-06-08
140,1181,2764,494,238,75,30309,7408,1074,445,6070,847,2,2250,1886,5946,161,568,100,294,84,662,55,1496,808,353,18,404,17,169,1553,127,4097,2957,12303,17,2421,6,199,1228,6237,1069,6,2339,2811,9,410,85,854,495,68,430,629,729,0,4775,2020-06-09
141,1183,2800,498,241,76,30376,7454,1100,449,6143,868,2,2292,1916,5958,165,575,100,301,85,679,55,1514,812,355,18,410,17,169,1573,128,4120,2968,12377,18,2457,6,209,1267,6302,1096,6,2355,2844,9,413,85,861,499,69,436,638,744,0,4869,2020-06-10
142,1198,2847,513,242,77,30431,7492,1130,460,6187,868,2,2337,1942,5985,171,588,100,308,86,691,55,1520,823,357,18,421,17,171,1583,131,4146,2987,12443,18,2490,6,217,1280,6388,1114,6,2380,2875,9,414,86,873,502,73,441,641,755,0,4941,2020-06-11
143,1207,2876,525,243,77,30511,7538,1157,462,6229,881,2,2384,1965,5994,176,593,100,315,88,698,55,1534,833,359,18,426,17,174,1595,139,4159,2996,12489,18,2508,6,221,1305,6469,1128,6,2396,2900,10,414,87,884,506,74,461,650,769,0,4986,2020-06-12
144,1216,2924,527,244,77,30565,7576,1190,463,6264,889,2,2411,1989,6017,177,599,100,318,88,700,55,1541,833,359,18,431,17,175,1598,139,4186,3004,12589,18,2554,6,221,1314,6491,1135,6,2413,2926,10,419,87,890,511,75,465,651,773,0,5059,2020-06-13
145,1220,2930,527,244,77,30605,7624,1194,464,6275,891,2,2416,1995,6020,179,600,100,320,88,702,55,1546,833,359,19,435,17,176,1599,139,4201,3014,12625,18,2557,6,221,1329,6512,1139,6,2422,2939,10,422,88,890,515,75,467,652,773,0,5089,2020-06-14
146,1223,2937,524,246,77,30645,7646,1204,466,6307,895,2,2457,2018,6025,182,602,101,320,88,703,55,1552,851,359,19,440,17,180,1605,143,4204,3018,12676,18,2573,6,226,1335,6543,1156,6,2433,2947,10,423,89,895,515,75,477,661,774,0,5120,2020-06-15
147,1234,2992,530,246,77,30683,7664,1228,467,6337,915,2,2492,2057,6039,188,607,101,326,88,710,55,1570,865,363,19,447,17,182,1617,145,4210,3042,12727,18,2597,6,236,1344,6608,1185,6,2447,2982,10,424,89,903,520,77,487,670,785,0,5202,2020-06-16
148,1229,3017,536,248,78,30722,7733,1252,473,6376,938,2,2536,2099,6041,197,617,102,330,88,719,55,1583,876,364,20,452,17,183,1631,141,4219,3062,12769,18,2611,6,239,1357,6687,1198,6,2475,2996,10,426,89,924,523,78,493,677,790,0,5283,2020-06-17
149,1246,3060,540,252,81,30767,7769,1287,475,6417,943,2,2565,2137,6064,208,621,102,331,88,725,56,1586,885,366,20,456,17,187,1638,143,4226,3069,12800,18,2633,6,244,1376,6737,1209,6,2491,3016,10,431,90,963,527,78,504,680,810,0,5359,2020-06-18
150,1258,3103,542,254,82,30816,7799,1322,479,6446,943,2,2596,2168,6071,214,639,102,337,88,736,56,1602,894,367,20,464,17,188,1643,155,4238,3084,12835,20,2667,6,249,1393,6801,1223,6,2516,3030,10,433,90,973,530,81,508,681,822,0,5425,2020-06-19
151,1268,3143,542,257,82,30839,7827,1347,486,6467,943,2,2602,2186,6091,224,644,102,339,88,751,56,1607,894,368,20,466,17,188,1647,155,4251,3104,12857,20,2697,6,249,1404,6846,1239,6,2536,3052,10,434,90,975,531,81,516,685,838,0,5495,2020-06-20
152,1271,3160,544,258,83,30884,7857,1350,487,6472,943,2,2603,2195,6094,225,653,102,339,89,751,56,1611,894,369,20,469,17,190,1647,158,4260,3105,12870,20,2700,6,252,1412,6865,1245,6,2540,3066,10,435,90,975,533,81,519,686,839,0,5517,2020-06-21
153,1277,3172,549,260,83,30934,7873,1354,490,6475,978,2,2607,2213,6101,227,659,102,339,90,751,56,1620,903,369,21,469,17,192,1651,158,4263,3117,12895,20,2704,6,255,1416,6889,1250,6,2553,3074,10,435,90,980,535,81,525,687,841,0,5561,2020-06-22
154,1285,3237,559,261,84,30970,7889,1398,492,6511,989,2,2646,2246,6113,237,673,102,343,92,758,56,1645,906,371,21,476,17,192,1665,163,4277,3134,12949,20,2735,6,262,1425,6925,1276,6,2569,3092,10,504,90,993,537,83,535,690,864,0,5637,2020-06-23
155,1294,3280,561,262,86,31001,7937,1467,494,6568,1011,2,2658,2292,6118,240,683,103,347,92,769,56,1661,912,372,21,480,17,195,1667,163,4287,3152,12995,20,2755,6,263,1432,6986,1295,6,2578,3108,10,505,91,1001,541,84,548,694,891,0,5728,2020-06-24
156,1301,3326,569,263,87,31029,7962,1495,495,6602,1016,2,2704,2321,6137,240,693,103,357,92,775,56,1675,920,375,21,485,17,199,1669,164,4298,3164,14872,20,2772,6,266,1441,7024,1305,6,2586,3129,10,507,91,1006,543,87,558,702,896,0,5810,2020-06-25
157,1305,3365,575,266,87,31075,8012,1537,498,6625,1022,2,2727,2362,6138,249,694,103,365,92,775,56,1700,927,377,22,489,17,204,1673,166,4307,3190,14914,20,2788,6,270,1446,7059,1319,6,2595,3142,12,507,91,1019,546,88,569,704,907,0,5872,2020-06-26
158,1311,3389,575,269,87,31105,8040,1581,500,6652,1035,2,2733,2398,6157,259,711,104,367,93,786,56,1724,927,384,22,491,18,204,1674,167,4311,3190,14948,20,2804,6,271,1452,7083,1334,6,2616,3157,12,507,92,1021,548,91,577,704,919,0,5902,2020-06-27
159,1311,3418,577,272,88,31137,8060,1594,500,6655,1039,2,2735,2408,6161,264,716,104,367,93,786,56,1732,927,385,22,492,18,204,1676,167,4316,3199,14975,20,2807,6,271,1460,7098,1338,6,2619,3168,12,507,91,1023,550,91,577,706,919,0,5937,2020-06-28
160,1321,3446,584,276,88,31143,8095,1598,505,6663,1059,2,2739,2430,6165,265,720,105,367,93,786,56,1740,946,385,22,493,18,207,1682,168,4320,3199,14992,20,2818,6,273,1470,7115,1341,6,2624,3175,12,507,91,1026,551,91,585,712,929,0,5979,2020-06-29
161,1333,3504,588,276,88,31776,8054,1645,507,6695,1073,2,2758,2482,6197,270,739,105,371,93,793,56,1763,950,387,22,497,18,210,1690,172,4322,3221,15035,20,2863,6,279,1476,7136,1362,6,2640,3190,12,509,92,1037,551,91,597,717,950,0,6083,2020-06-30
162,1340,3549,597,280,89,31791,8081,1726,512,6704,1082,2,2779,2518,6202,277,766,105,373,93,794,56,1786,956,389,22,500,18,211,1697,173,4324,3238,15078,20,2876,6,282,1482,7160,1389,6,2650,3205,12,509,92,1049,553,93,602,717,972,0,6168,2020-07-01
163,1343,3616,605,282,89,31814,8132,1766,525,6758,1092,2,2801,2562,6216,279,784,105,375,93,801,56,1816,959,395,22,503,18,212,1701,176,4326,3255,15107,20,2903,6,284,1495,7197,1402,6,2662,3212,12,510,93,1056,554,97,612,719,985,0,6263,2020-07-02
164,1353,3683,608,283,89,31836,8149,1802,530,6790,1103,2,2808,2609,6219,281,793,105,376,93,804,56,1845,960,398,23,511,19,215,1701,181,4335,3278,15164,20,2903,6,285,1503,7222,1413,6,2682,3223,13,512,94,1060,555,97,626,721,1006,0,6315,2020-07-03
165,1355,3701,608,284,89,31860,8172,1821,530,6793,1107,2,2809,2646,6222,286,813,107,380,94,804,56,1849,960,398,23,513,19,216,1703,181,4335,3278,15189,20,2907,6,285,1503,7234,1414,6,2687,3236,14,512,94,1062,557,97,630,721,1007,0,6329,2020-07-04
166,1360,3730,608,287,89,31895,8183,1829,537,6797,1111,2,2812,2666,6222,287,820,109,381,95,804,56,1853,960,398,23,513,19,218,1703,184,4335,3288,15211,20,2911,6,285,1508,7241,1414,6,2693,3243,14,512,94,1062,559,97,639,721,1007,0,6369,2020-07-05
167,1370,3777,621,288,89,31911,8198,1832,537,6798,1114,2,2829,2726,6225,292,827,109,382,95,805,56,1853,960,399,23,515,19,218,1704,190,4338,3296,15229,20,2927,6,286,1511,7250,1424,6,2698,3246,14,512,94,1068,561,97,646,725,1007,0,6452,2020-07-06
168,1385,3840,630,290,89,31934,8213,1933,549,6835,1158,2,2850,2816,6256,301,846,110,384,95,817,56,1881,969,404,23,519,19,224,1709,194,4338,3319,15281,21,2970,6,287,1514,7281,1446,6,2717,3266,15,514,94,1083,561,98,657,732,1033,0,6563,2020-07-07
169,1395,3888,634,291,89,31945,8243,1973,556,6864,1188,2,2871,2935,6266,305,884,110,386,95,818,56,1905,971,407,23,527,19,228,1707,201,4343,3339,15423,21,2991,6,291,1523,7315,1470,6,2732,3275,15,515,98,1089,564,98,678,739,1058,0,6708,2020-07-08
170,1410,4008,640,294,89,31979,8268,2047,574,6895,1204,2,2880,3037,6275,309,905,111,387,95,821,56,1937,974,410,25,533,19,233,1707,205,4348,3355,15448,21,3006,6,294,1528,7333,1487,6,2739,3288,15,517,101,1095,568,101,700,742,1068,0,6825,2020-07-09
171,1426,4101,647,294,89,32004,8296,2093,581,6929,1215,2,2915,3129,6288,313,929,111,390,95,825,56,1958,976,416,28,539,19,235,1724,207,4348,3380,15479,21,3032,6,294,1533,7349,1503,6,2748,3303,15,517,101,1107,568,107,713,748,1104,0,6936,2020-07-10
172,1426,4196,647,294,91,32019,8310,2158,592,6945,1230,2,2946,3206,6316,319,951,112,391,96,829,56,1962,976,421,29,543,19,235,1725,212,4348,3403,15525,21,3036,6,296,1537,7372,1520,6,2756,3310,15,517,102,1112,568,109,728,748,1114,0,7012,2020-07-11
173,1438,4241,649,300,91,32029,8325,2239,593,6950,1249,2,2951,3246,6317,321,961,114,391,96,828,56,1966,976,422,29,545,19,237,1726,215,4348,3416,15525,21,3058,6,296,1540,7391,1532,6,2760,3319,15,517,102,1113,568,109,731,752,1121,0,7042,2020-07-12
174,1439,4276,656,301,91,32075,8330,2250,596,6955,1250,2,2972,3313,6324,323,972,114,391,97,828,56,1968,984,424,32,548,21,240,1728,216,4371,3423,15560,21,3064,6,298,1542,7398,1547,6,2762,3325,15,517,102,1126,568,109,738,755,1124,0,7086,2020-07-13
175,1465,4408,665,303,92,32092,8340,2341,613,6973,1272,2,2996,3449,6330,331,993,114,392,97,834,56,1977,985,428,34,551,21,247,1739,226,4372,3445,15582,22,3069,6,299,1548,7425,1582,6,2775,3334,15,518,103,1136,568,109,757,759,1164,0,7227,2020-07-14
176,1486,4520,668,308,92,32115,8368,2442,619,7011,1290,2,3030,3590,6333,335,998,114,394,98,835,56,1992,987,432,34,557,21,249,1745,233,4380,3461,15634,22,3075,6,302,1558,7435,1598,6,2785,3341,15,521,111,1141,571,111,773,777,1211,0,7368,2020-07-15
177,1492,4676,675,309,93,32133,8380,2506,627,7039,1308,2,3043,3744,6351,341,1070,114,395,99,839,56,2007,988,438,35,562,21,252,1746,234,4389,3485,15665,24,3103,6,307,1566,7457,1617,6,2795,3347,15,521,114,1145,574,115,786,781,1230,0,7490,2020-07-16
178,1498,4804,687,310,94,32147,8402,2597,638,7057,1332,2,3071,3889,6358,353,1096,115,395,100,842,56,2013,990,445,37,565,22,256,1753,238,4396,3509,15684,24,3112,6,308,1573,7468,1638,6,2803,3359,15,521,119,1151,577,116,805,785,1265,0,7607,2020-07-17
179,1509,4894,688,312,94,32167,8419,2733,647,7068,1346,2,3105,3972,6367,357,1135,117,396,100,852,56,2025,990,451,37,569,23,259,1753,243,4396,3509,15699,24,3132,6,308,1578,7486,1653,6,2820,3368,16,523,120,1158,578,116,828,790,1286,0,7697,2020-07-18
180,1512,4981,691,313,96,32187,8431,2768,648,7074,1355,2,3110,4033,6369,357,1155,117,398,100,853,56,2027,990,451,37,571,23,262,1753,243,4396,3543,15706,24,3174,6,308,1581,7491,1661,6,2822,3377,16,523,120,1158,578,118,834,793,1287,0,7710,2020-07-19
181,1521,5071,694,318,97,32203,8433,2795,650,7076,1358,2,3113,4160,6377,363,1164,117,398,100,855,56,2031,995,452,39,578,23,264,1759,249,4406,3572,15715,24,3189,6,313,1585,7500,1676,6,2825,3382,16,523,123,1164,579,118,838,798,1291,0,7764,2020-07-20
182,1531,5205,695,319,98,32218,8450,2918,680,7094,1389,2,3186,4319,6385,374,1221,118,400,101,868,56,2048,996,461,40,588,23,272,1764,255,4406,3608,15737,25,3219,6,313,1588,7521,1702,6,2846,3402,16,525,127,1175,580,118,863,808,1303,0,7883,2020-07-21
183,1534,5344,700,324,100,32228,8468,2976,705,7125,1423,2,3264,4522,6391,380,1285,118,402,102,874,56,2051,997,474,42,591,24,274,1772,262,4406,3670,15707,25,3235,6,314,1592,7544,1729,7,2863,3405,17,527,136,1196,580,119,878,814,1364,0,8038,2020-07-22
184,1548,5517,706,326,101,32270,8484,3067,709,7142,1436,2,3288,4714,6397,386,1334,118,405,103,887,56,2054,1001,477,43,596,25,277,1788,271,4410,3686,15730,25,3256,6,318,1601,7563,1754,7,2880,3409,17,529,142,1212,581,121,913,820,1397,0,8190,2020-07-23
185,1591,5652,715,330,103,32278,8498,3156,722,7162,1463,2,3368,4876,6402,394,1385,118,407,103,887,56,2067,1002,484,46,601,25,285,1791,277,4413,3715,15765,25,3297,6,322,1606,7580,1769,7,2884,3422,17,578,148,1221,581,122,926,826,1438,0,8325,2020-07-24
186,1592,5776,717,333,103,32295,8510,3288,733,7167,1480,2,3421,5002,6402,399,1465,119,409,103,900,56,2075,1002,496,46,607,25,286,1795,278,4413,3715,15776,25,3297,6,322,1611,7593,1801,7,2895,3433,18,579,150,1224,581,122,953,826,1456,0,8428,2020-07-25
187,1596,5853,718,335,103,32305,8529,3313,734,7170,1495,2,3424,5090,6402,401,1491,119,409,103,901,56,2078,1002,496,46,614,25,291,1795,278,4413,3763,15787,25,3307,6,322,1614,7595,1807,7,2903,3440,18,579,150,1231,581,123,955,829,1473,0,8451,2020-07-26
188,1611,5930,726,338,103,32322,8536,3320,739,7174,1501,2,3435,6292,6407,408,1506,119,409,106,905,56,2082,1004,495,47,619,25,289,1800,285,4418,3786,15804,25,3344,6,322,1616,7619,1815,7,2906,3447,19,579,159,1245,582,123,965,836,1491,0,8544,2020-07-27
189,1633,6116,735,344,104,32333,8551,3424,760,7197,1543,2,3488,6518,6426,428,1565,121,409,111,916,56,2095,1005,509,52,626,25,305,1809,290,4423,3812,15825,26,3382,6,326,1620,7645,1847,7,2924,3458,20,580,168,1263,583,123,988,839,1491,0,8716,2020-07-28
190,1643,6332,746,349,106,32342,8580,3470,782,7219,1563,2,3566,6834,6426,434,1615,121,411,112,920,56,2125,1007,523,54,632,25,313,1826,297,4425,3883,15798,26,3422,6,331,1629,7661,1889,8,2932,3478,20,581,176,1269,584,129,1008,854,1538,0,8884,2020-07-29
191,1653,6585,748,357,107,32362,8595,3628,805,7248,1611,2,3596,6987,6446,442,1667,122,415,115,928,57,2141,1007,536,55,635,25,318,1826,303,4431,3925,15809,26,3442,6,333,1634,7677,1929,8,2946,3488,21,581,180,1288,584,129,1022,865,1565,0,9009,2020-07-30
192,1654,6842,753,358,107,32372,8609,3695,831,7261,1663,2,3674,7273,6453,453,1712,123,415,116,943,57,2174,1007,541,60,642,25,325,1841,308,4432,3949,15819,26,3489,6,338,1640,7703,1947,8,2965,3493,21,585,193,1305,585,130,1047,872,1580,0,9222,2020-07-31
193,1676,7021,758,358,107,32390,8626,3753,832,7270,1693,2,3744,7477,6460,458,1751,123,416,116,955,57,2215,1007,549,61,651,25,329,1846,312,4432,3949,15830,26,3515,6,338,1646,7707,1989,8,2971,3506,22,585,197,1311,585,134,1056,874,1603,0,9365,2020-08-01
194,1680,7083,759,361,109,32401,8638,3769,833,7274,1703,2,3758,7520,6460,464,1777,123,417,117,956,57,2218,1007,550,61,654,25,331,1846,313,4432,4007,15836,26,3529,6,338,1654,7718,1996,8,2975,3515,22,585,197,1311,586,135,1062,878,1627,0,9399,2020-08-02
195,1685,7156,762,366,109,32413,8648,3785,847,7276,1711,2,3760,7697,6470,475,1793,124,417,117,960,57,2218,1010,551,64,655,25,334,1849,317,4437,4024,15846,27,3539,6,334,1656,7728,2013,8,2980,3523,23,585,202,1316,586,135,1078,884,1633,0,9500,2020-08-03
196,1706,7401,769,367,111,32422,8657,3850,862,7296,1753,2,3835,7951,6474,490,1847,123,418,124,970,57,2244,1011,566,64,658,26,336,1855,324,4437,4051,15857,27,3570,6,339,1660,7747,2038,8,2996,3530,23,587,214,1330,587,136,1103,888,1666,0,9696,2020-08-04
197,1705,7626,771,371,112,32431,8659,3933,891,7310,1804,2,3899,8152,6480,508,1894,124,418,124,979,57,2274,1012,583,65,667,26,342,1857,330,4437,4096,15842,27,3596,6,342,1670,7776,2079,9,3007,3536,23,587,218,1337,587,137,1130,900,1695,0,9866,2020-08-05
198,1716,7746,780,376,113,32329,8691,4005,901,7340,1825,2,3942,8400,6508,515,1943,124,419,124,988,58,2299,1014,593,66,669,28,343,1857,332,4437,4146,15849,27,3618,6,347,1677,7796,2122,9,3013,3551,23,587,227,1349,587,141,1170,912,1714,0,10014,2020-08-06
199,1744,7926,785,380,114,32336,8709,4085,920,7360,1848,2,4029,8680,6527,521,1962,124,419,127,1001,58,2317,1014,600,71,675,30,351,1862,337,4441,4207,15860,28,3652,6,352,1681,7833,2160,9,3023,3565,23,588,231,1374,589,144,1190,915,1735,0,10197,2020-08-07
200,1752,8108,790,380,116,32345,8721,4140,949,7372,1874,2,4095,8885,6521,535,2007,125,419,131,1007,58,2322,1014,603,75,681,30,358,1862,336,4441,4207,15869,28,3668,6,353,1689,7846,2184,9,3036,3577,24,590,236,1381,590,146,1201,926,1755,0,10299,2020-08-08
201,1774,8185,790,380,116,32354,8735,4152,959,7374,1896,2,4108,8984,6520,544,2031,125,419,139,1009,58,2326,1014,603,75,685,30,359,1863,337,4441,4263,15874,28,3669,6,353,1698,7852,2195,9,3041,3585,24,591,237,1386,591,146,1209,931,1768,0,10365,2020-08-09
202,1781,8276,794,387,117,32361,8741,4157,963,7378,1912,2,4138,9064,6527,555,2049,125,419,141,1009,58,2327,1015,605,75,690,33,362,1868,346,4444,4287,15878,28,3673,6,354,1701,7854,2198,9,3044,3591,24,591,239,1397,591,146,1223,935,1797,0,10460,2020-08-10
203,1786,8552,803,388,122,32372,8751,4205,982,7404,1944,2,4255,9311,6534,566,2098,126,419,147,1017,58,2344,1016,618,77,693,35,372,1878,350,4444,4313,15890,29,3708,6,357,1707,7879,2238,9,3069,3604,24,591,248,1402,593,146,1259,946,1847,0,10654,2020-08-11
204,1789,8764,809,397,124,32384,8769,4348,999,7447,1989,2,4360,9645,6541,573,2144,126,420,153,1022,58,2352,1018,627,80,695,37,378,1881,355,4450,4361,15885,29,3734,6,359,1724,7907,2277,9,3086,3612,25,592,251,1408,593,147,1274,953,1882,0,10808,2020-08-12
205,1823,8912,817,403,124,32399,8790,4385,1030,7474,2011,2,4440,9879,6556,582,2186,126,422,153,1029,58,2363,1019,638,81,697,39,387,1886,358,4450,4402,15893,29,3755,6,362,1731,7934,2313,9,3105,3620,25,593,256,1417,594,148,1300,964,1890,0,10995,2020-08-13
206,1826,9140,822,404,125,32407,8810,4426,1045,7513,2043,2,4474,10195,6567,587,2204,126,423,157,1035,58,2370,1021,644,82,703,39,388,1892,362,4453,4430,15903,30,3784,6,363,1739,7953,2344,9,3113,3631,25,593,267,1425,594,150,1312,972,1893,0,11146,2020-08-14
207,1843,9344,829,406,125,32414,8826,4497,1070,7525,2080,2,4568,10379,6586,600,2260,127,423,160,1047,58,2381,1021,657,82,711,39,389,1897,364,4453,4430,15910,30,3824,6,363,1745,7959,2370,9,3128,3636,26,593,269,1431,597,152,1331,975,1896,0,11229,2020-08-15
208,1862,9451,832,406,129,32424,8838,4509,1074,7532,2084,2,4600,10498,6592,599,2269,127,423,160,1048,58,2381,1021,661,82,714,39,389,1897,364,4453,4507,15912,30,3826,6,363,1752,7973,2372,9,3133,3639,26,593,269,1436,597,153,1349,975,1898,0,11245,2020-08-16
209,1870,9538,839,410,130,32435,8842,4509,1077,7535,2095,2,4624,10559,6592,603,2288,127,423,160,1050,58,2385,1023,665,82,718,39,391,1903,366,4456,4526,15916,33,3832,6,363,1758,7990,2384,9,3135,3641,26,593,275,1468,597,153,1370,987,1925,0,11334,2020-08-17
210,1896,9757,858,415,132,32446,8848,4535,1102,7561,2128,2,4691,10798,6607,619,2343,127,424,164,1063,58,2396,1024,682,84,723,40,399,1906,372,4456,4554,15925,34,3871,6,370,1767,8017,2425,9,3165,3650,27,593,283,1477,599,154,1410,1002,1936,0,11523,2020-08-18
211,1911,9931,866,420,134,32451,8876,4643,1135,7593,2163,2,4744,11043,6619,631,2360,127,427,166,1071,58,2410,1027,699,84,729,41,408,1906,379,4457,4609,15926,34,3907,6,373,1784,8037,2464,9,3180,3661,27,595,292,1490,600,155,1437,1011,1944,0,11686,2020-08-19
212,1925,10048,881,423,134,32451,8888,4688,1175,7606,2190,2,4797,11248,6636,641,2401,128,428,166,1077,58,2427,1028,709,89,734,44,412,1909,384,4458,4637,15932,34,3929,7,377,1791,8064,2496,10,3191,3669,27,595,299,1508,601,157,1470,1016,1974,0,11801,2020-08-20
213,1938,10167,887,430,136,32456,8901,4698,1185,7629,2214,2,4889,11483,6637,663,2459,129,428,170,1079,58,2436,1030,715,90,739,45,421,1915,385,4460,4687,15941,37,3955,7,381,1799,8086,2522,10,3208,3674,28,600,305,1511,602,159,1528,1030,1996,0,11984,2020-08-21
214,1945,10273,899,431,139,32464,8921,4760,1197,7643,2237,2,4982,11650,6657,674,2493,130,429,176,1092,58,2443,1030,725,90,743,46,422,1923,387,4460,4687,15943,37,3975,7,382,1807,8107,2546,10,3218,3685,29,600,307,1519,604,160,1542,1033,2011,0,12137,2020-08-22
215,1949,10324,901,431,140,32482,8921,4775,1199,7643,2240,2,5021,11760,6661,687,2504,131,429,178,1092,58,2467,1030,726,90,745,46,422,1925,387,4460,4746,15946,37,3978,7,384,1813,8114,2560,11,3220,3691,30,600,308,1519,604,161,1547,1037,2013,0,12152,2020-08-23
216,1954,10396,909,432,141,32489,8949,4775,1200,7642,2248,2,5045,11824,6665,696,2511,131,429,179,1093,58,2471,1035,730,91,747,48,432,1926,391,4460,4764,15946,37,3986,8,384,1817,8123,2567,12,3225,3694,30,604,315,1533,604,161,1578,1047,2024,0,12250,2020-08-24
217,1963,10579,918,433,142,32495,8961,4796,1230,7666,2315,2,5147,12012,6687,711,2529,131,429,187,1106,58,2494,1039,744,97,750,48,436,1932,398,4463,4797,15953,37,3996,8,386,1825,8155,2607,14,3241,3707,33,603,328,1553,604,161,1605,1059,2037,0,12409,2020-08-25
218,1969,10732,927,445,142,32499,8987,4899,1250,7691,2373,2,5195,12212,6692,732,2573,132,430,190,1112,58,2515,1041,763,98,755,50,438,1933,404,4463,4851,15914,37,4044,10,390,1842,8186,2634,14,3259,3717,34,604,337,1566,605,162,1623,1077,2045,0,12547,2020-08-26
219,1978,10867,937,446,143,32507,9008,4932,1274,7702,2399,2,5275,12444,6708,739,2628,132,431,199,1121,58,2527,1044,778,98,764,54,444,1937,404,4465,4874,15921,37,4076,10,394,1855,8206,2654,14,3266,3722,34,604,343,1583,605,162,1650,1091,2076,0,12696,2020-08-27
220,1993,10956,945,448,143,32515,9024,4980,1287,7722,2413,2,5352,12615,6714,756,2655,132,432,202,1123,58,2550,1046,786,100,767,58,457,1945,408,4465,4904,15930,37,4105,11,399,1859,8229,2676,14,3277,3736,34,604,357,1599,605,165,1675,1108,2107,0,12836,2020-08-28
221,1993,11104,951,449,145,32522,9036,5010,1303,7740,2427,2,5451,12733,6747,772,2698,132,432,212,1129,58,2568,1046,797,104,769,61,460,1946,408,4465,4904,15933,37,4126,11,400,1863,8236,2708,14,3285,3746,34,604,359,1613,605,167,1700,1110,2152,0,12906,2020-08-29
222,1993,11118,955,450,146,32534,9049,5033,1305,7742,2441,2,5478,12807,6750,784,2709,132,432,213,1132,58,2569,1046,799,104,770,62,463,1945,408,4465,4931,15937,37,4128,11,400,1865,8248,2721,14,3291,3752,34,604,360,1615,606,167,1722,1113,2162,0,12939,2020-08-30
223,2003,11186,965,451,147,32541,9060,5031,1305,7743,2473,2,5506,12857,6756,797,2720,132,432,214,1132,58,2580,1048,800,104,779,69,467,1952,409,4465,4950,15945,37,4138,11,402,1866,8258,2733,15,3296,3755,34,605,364,1623,607,167,1727,1120,2182,0,13020,2020-08-31
224,2019,11373,983,454,149,32551,9064,5048,1313,7764,2493,2,5604,13004,6770,814,2757,132,432,222,1141,58,2612,1050,809,105,787,73,467,1953,410,4466,4984,15950,41,4165,14,405,1872,8299,2769,15,3312,3761,36,605,370,1651,607,167,1753,1125,2200,0,13149,2020-09-01
225,2026,11500,1008,458,152,32559,9060,5070,1338,7792,2526,2,5665,13185,6783,841,2794,133,432,230,1151,58,2641,1051,821,109,790,74,473,1960,414,4467,5004,15964,41,4176,14,408,1882,8322,2806,15,3325,3766,36,606,374,1669,608,169,1768,1134,2217,0,13330,2020-09-02
226,2034,11649,1021,475,154,32567,9077,5133,1366,7805,2536,2,5735,13387,6794,861,2807,133,432,237,1155,58,2652,1055,835,111,791,78,475,1963,416,4468,5021,15971,41,4226,14,410,1889,8347,2829,16,3332,3778,37,606,375,1680,609,169,1791,1137,2233,0,13497,2020-09-03
227,2043,11749,1028,481,154,32573,9100,5174,1376,7821,2558,2,5797,13516,6802,873,2846,134,432,243,1164,58,2662,1055,846,114,794,80,481,1973,420,4468,5035,15978,42,4248,15,411,1899,8386,2868,16,3350,3789,37,606,386,1698,611,170,1813,1158,2266,0,13644,2020-09-04
228,2043,11810,1033,482,159,32579,9116,5207,1390,7837,2569,2,5842,13660,6809,882,2877,134,432,243,1177,58,2677,1055,850,116,800,83,482,1978,421,4468,5035,15985,42,4256,16,415,1903,8405,2913,16,3362,3796,39,608,386,1728,611,173,1838,1165,2275,0,13708,2020-09-05
229,2044,11848,1035,483,160,32585,9125,5221,1394,7837,2584,2,5900,13739,6809,894,2887,134,433,246,1177,58,2678,1055,853,117,803,84,483,1980,423,4468,5093,15989,42,4259,17,415,1909,8409,2920,17,3364,3799,39,609,387,1735,611,173,1841,1167,2276,0,13730,2020-09-06
230,2044,11870,1036,485,160,32600,9133,5219,1394,7855,2585,2,5907,13781,6813,908,2907,134,433,247,1177,58,2684,1055,853,118,807,85,487,1980,424,4468,5105,15991,42,4276,19,415,1912,8417,2920,17,3368,3804,39,609,387,1735,611,173,1845,1170,2276,0,13763,2020-09-07
231,2046,11914,1039,486,160,32612,9141,5221,1395,7862,2585,2,5931,13855,6814,917,2912,134,433,250,1179,58,2686,1059,854,119,807,87,492,1980,426,4474,5118,15996,42,4298,20,418,1914,8431,2942,18,3380,3807,39,609,390,1742,611,173,1873,1185,2277,0,13843,2020-09-08
232,2067,12114,1058,497,161,32611,9146,5253,1414,7882,2623,2,5987,13986,6889,928,2942,134,433,254,1193,58,2697,1062,863,122,813,90,499,1984,428,4474,5140,16009,42,4324,21,434,1921,8457,2990,18,3397,3816,39,609,406,1752,615,173,1908,1204,2285,0,13990,2020-09-09
233,2074,12325,1073,499,163,32618,9166,5275,1432,7894,2656,2,6062,13998,6894,940,2975,134,434,257,1202,58,2708,1067,876,123,816,93,501,1988,431,4478,5161,16014,42,4354,22,440,1936,8480,3016,18,3410,3824,39,613,407,1770,616,177,1963,1208,2301,0,14094,2020-09-10
234,2080,12501,1087,520,167,32619,9180,5290,1441,7914,2670,2,6103,14279,6900,953,3028,134,434,263,1206,58,2711,1071,888,132,818,95,500,1991,433,4480,5202,16023,42,4403,24,449,1949,8522,3050,18,3420,3828,40,613,415,1778,616,177,1999,1216,2333,0,14265,2020-09-11
235,2080,12599,1099,533,170,32625,9196,5316,1453,7915,2685,2,6144,14384,6912,969,3040,135,435,265,1218,58,2722,1071,899,134,821,96,505,1994,434,4480,5202,16027,42,4411,24,449,1958,8546,3073,19,3437,3836,41,613,416,1793,616,183,2040,1218,2350,0,14333,2020-09-12
